iteration,n_sources,time
0,1000,3.17191
1,1000,2.87271
2,1000,2.708
3,1000,2.94906
4,1000,3.15237
