iteration,n_sources,time
0,1000,4.69888
1,1000,2.34292
2,1000,3.20751
3,1000,2.60936
4,1000,2.68156
