iteration,n_sources,time
0,1000,6.12525
1,1000,6.08798
2,1000,9.4817
3,1000,5.91174
4,1000,14.2443
