iteration,n_sources,time
0,1000,11.6994
1,1000,4.9398
2,1000,4.24072
3,1000,4.26472
4,1000,4.15864
