iteration,n_sources,time
0,1000,4.14304
1,1000,4.10467
2,1000,4.10041
3,1000,4.10784
4,1000,4.10752
