iteration,n_sources,time
0,1000,1.47196
1,1000,1.45273
2,1000,1.45376
3,1000,1.45588
4,1000,1.45516
