iteration,n_sources,time
0,1000,0.110552
1,1000,0.075932
2,1000,0.049479
3,1000,0.04821
4,1000,0.052985
