iteration,n_sources,time
0,1000,1.49855
1,1000,1.48756
2,1000,1.50168
3,1000,1.49323
4,1000,1.50167
