iteration,n_sources,time
0,1000,0.190944
1,1000,0.07813
2,1000,0.045523
3,1000,0.04431
4,1000,0.042295
