iteration,n_sources,time
0,1000,0.109988
1,1000,0.106377
2,1000,0.106501
3,1000,0.10639
4,1000,0.106354
