iteration,n_sources,time
0,1000,3.55013
1,1000,2.29503
2,1000,2.1283
3,1000,2.54692
4,1000,3.38521
