iteration,n_sources,time
0,1000,3.81221
1,1000,2.10469
2,1000,1.93557
3,1000,1.58549
4,1000,1.77601
