iteration,n_sources,time
0,1000,5.33022
1,1000,5.32596
2,1000,5.33503
3,1000,5.32876
4,1000,5.32883
