iteration,n_sources,time
0,1000,2.07245
1,1000,2.14606
2,1000,2.27036
3,1000,2.13991
4,1000,2.09196
