{"hosts": [{"id": 1, "name": "host1", "cpus": {"id": 1, "name": "intel xeon", "clock_speed": 2.1, "cores": 16, "threads": 32, "wattage": 250, "amount": 2, "benchmarks": {"T_int_add": 0.56, "T_float_gt": 0.1365622, "T_q_push": 42.48036, "T_q_front": 44.52568, "T_q_pop": 21.72746, "T_heap_insert_max": 112.78226, "T_heap_extract_min": 265.2274, "T_heap_decrease_key": 30.42278, "T_push_back": 34.65182, "L1_linesize": 64, "L2_linesize": 64, "L3_linesize": 64, "T_L1_read": 1.8682821283523516, "T_L2_read": 4.332603673853448, "T_L3_read": 23.159563711888847, "T_DRAM_read": 104.60815519052004}}, "gpus": [{"id": 1, "name": "RTX 3080", "clock_speed": 2.1, "cores": 400, "warps": 32, "wattage": 100}]}]}